ISO ALPHA-3 Country Code,Country,CNTRY3,Region,CNTRY2,Base  Unweighted,Base Weighted in Thousands,Consumer Confidence Index
AUS,Australia,AUS,APAC,AU,498,19310,94.8
CHN,China,CHN,APAC,CN,3594,511927,110.4
HKG,Hong Kong,HKG,APAC,HK,491,4809,102.8
IDN,Indonesia,IDN,APAC,ID,500,54754,118
JPN,Japan,JPN,APAC,JP,495,99997,57.6
KOR,South Korea,KOR,APAC,KO,500,40061,48.8
MYS,Malaysia,MYS,APAC,MY,499,17671,106.6
NZL,New Zealand,NZL,APAC,NZ,497,3602,90.7
PHL,Philippines,PHL,APAC,PH,498,29580,117.7
SGP,Singapore,SGP,APAC,SG,494,3614,96.1
THA,Thailand,THA,APAC,TH,499,18236,106.9
TWN,Taiwan,TWN,APAC,TW,478,15805,83.7
CHE,Switzerland,CHE,EU,CH,503,6128,87.4
DEU,Germany,DEU,EU,DE,495,64332,89.7
ESP,Spain,ESP,EU,ES,501,29038,52.8
FRA,France,FRA,EU,FR,498,44811,49.9
GBR,UK,GBR,EU,GB,495,50632,76.6
GRC,Greece,GRC,EU,GR,508,4941,36.5
HRV,Croatia,HRV,EU,HR,501,2244,44.5
IRL,Ireland,IRL,EU,IE,497,3024,63.9
ITA,Italy,ITA,EU,IT,513,29856,45
NLD,Netherlands,NLD,EU,NL,487,14472,86.4
NOR,Norway,NOR,EU,NO,499,4422,98.9
PRT,Portugal,PRT,EU,PT,500,5151,38.8
TUR,Turkey,TUR,EU,TR,516,34765,86.9
ARE,UAE,ARE,MEAP,AE,445,3519,104.9
EGY,Egypt,EGY,MEAP,EG,498,21610,97
SAU,Saudi Arabia,SAU,MEAP,SA,497,11249,118.5
ZAF,South Africa,ZAF,MEAP,ZA,512,6800,79.8
ARG,Argentina,ARG,LA,AR,514,27502,91
BRA,Brazil,BRA,LA,BR,497,75533,110.3
MEX,Mexico,MEX,LA,MX,503,34900,80.3
CAN,Canada,CAN,NA,CA,504,26812,93.2
USA,US,USA,NA,US,495,241185,92.1