ISO ALPHA-3 Country Code,FIPS,ISO2,ISO3,UN,Country or Region Name,CNTRY2,Size(sq. km.),Population(latest),Internet Users,Internet Penetration Pct
ABW,AA,AW,ABW,533,Aruba,AW,193,106113,51280,48.3
AFG,AF,AF,AFG,4,Afghanistan,AF,645807,29121286,1256470,4.2
AGO,AO,AO,AGO,24,Angola,AO,1246700,13068161,744195,5.6
AIA,AV,AI,AIA,660,Anguilla,AI,96,15094,6940,46
ALB,AL,AL,ALB,8,Albania,AL,28748,2986952,1441928,48.1
AND,AN,AD,AND,20,Andorra,AD,464,84525,68740,81
ANT,NT,AN,ANT,530,Netherlands Antilles,AN,800,199800,92500,46.3
ARE,AE,AE,ARE,784,United Arab Emirates,AE,77700,8264070,5859118,70.9
ARG,AR,AR,ARG,32,Argentina,AR,2777409,41769726,28000000,67
ARM,AM,AM,ARM,51,Armenia,AM,29743,2967975,1396550,47.1
ASM,AQ,AS,ASM,16,American Samoa,AS,197,67242,3040,4.5
ATA,AY,AQ,ATA,10,Antarctica,AQ,13209000,1169,"",0
ATF,FS,TF,ATF,260,French Southern Terr.,TF,7781,120,"",0
ATG,AC,AG,ATG,28,Antigua & Barbuda,AG,442,87884,70968,80.8
AUS,AS,AU,AUS,36,Australia,AU,7682557,21766711,19554832,89.8
AUT,AU,AT,AUT,40,Austria,AT,83858,8217280,6143600,74.8
AZE,AJ,AZ,AZE,31,Azerbaijan,AZ,86530,8372373,3689000,44.1
BDI,BY,BI,BDI,108,Burundi,BI,27834,10216190,176040,1.7
BEL,BE,BE,BEL,56,Belgium,BE,30518,10431477,8489901,81.4
BEN,BN,BJ,BEN,204,Benin,BJ,112622,9325032,277002,3
BFA,UV,BF,BFA,854,Burkina Faso,BF,267950,16751455,230562,1.4
BGD,BG,BD,BGD,50,Bangladesh,BD,142615,158570535,5501609,3.5
BGR,BU,BG,BGR,100,Bulgaria,BG,110994,7093635,3646287,48.8
BHR,BA,BH,BHR,48,Bahrain,BH,694,1214705,694009,57.1
BHS,BF,BS,BHS,44,Bahamas The,BS,13962,313312,158700,50.7
BIH,BK,BA,BIH,70,Bosnia and Herzegovina,BA,51129,4622163,1955277,42.3
BLM,TB,BL,BLM,652,Saint Barthelemy (FR),BL,21,7367,"",""
BLR,BO,BY,BLR,112,Belarus,BY,207600,9577552,4436800,46.3
BLZ,BH,BZ,BLZ,84,Belize,BZ,22966,321115,63580,19.8
BMU,BD,BM,BMU,60,Bermuda,BM,53,68679,54687,79.6
BOL,BL,BO,BOL,68,Bolivia,BO,1098581,10118683,1985970,19.6
BRA,BR,BR,BRA,76,Brazil,BR,8544418,194037075,81798000,42.2
BRB,BB,BB,BRB,52,Barbados,BB,431,286705,191878,66.9
BRN,BX,BN,BRN,96,Brunei Darussalam,BN,5765,401890,318900,79.4
BTN,BT,BT,BTN,64,Bhutan,BT,46650,708427,98728,13.9
BVT,BV,BV,BVT,74,Bouvet Island,BV,49,0,0,""
BWA,BC,BW,BWA,72,Botswana,BW,581730,2065398,167180,8.1
CAF,CT,CF,CAF,140,Central African Republic,CF,622436,4950027,123800,2.5
CAN,CA,CA,CAN,124,Canada,CA,9976137,34030586,27757540,81.6
CCK,CK,CC,CCK,166,Cocos (Keeling) Islands,CC,14,596,"",""
CHE,SZ,CH,CHE,756,Switzerland,CH,41285,7639961,6430363,84.2
CHL,CI,CL,CHL,152,Chile,CL,755482,16888760,10000000,59.2
CHN,CH,CN,CHN,156,China,CN,9806391,1336718015,513100000,38.4
CIV,IV,CI,CIV,384,Cote D'Ivoire,CI,322461,21504162,968000,4.5
CMR,CM,CM,CMR,120,Cameroon,CM,475442,19711291,783956,4
COD,CG,CD,COD,180,Congo Dem. Rep. of the,CD,2344798,71712867,915400,1.3
COG,CF,CG,COG,178,Congo,CG,342000,4243929,295132,7
COK,CW,CK,COK,184,Cook Islands,CK,237,11124,6000,53.9
COL,CO,CO,COL,170,Colombia,CO,1141748,44725543,25000000,55.9
COM,CN,KM,COM,174,Comoros,KM,1862,794683,37472,4.7
CPV,CV,CV,CPV,132,Cape Verde,CV,4033,516100,148800,28.8
CRI,CS,CR,CRI,188,Costa Rica,CR,51090,4576562,2000000,43.7
CUB,CU,CU,CUB,192,Cuba,CU,114525,11087330,1702206,15.4
CXR,KT,CX,CXR,162,Christmas Island,CX,135,1402,464,33.1
CYM,CJ,KY,CYM,136,Cayman Islands,KY,259,51384,37112,72.2
CYP,CY,CY,CYP,196,Cyprus,CY,9251,1120489,584863,52.2
CZE,EZ,CZ,CZE,203,Czech Republic,CZ,78866,10190213,7220732,70.9
DEU,GM,DE,DEU,276,Germany,DE,357021,81471834,67364898,82.7
DJI,DJ,DJ,DJI,262,Djibouti,DJ,23200,757074,61320,8.1
DMA,DO,DM,DMA,212,Dominica,DM,751,72969,32151,44.1
DNK,DA,DK,DNK,208,Denmark,DK,43093,5529888,4923824,89
DOM,DR,DO,DOM,214,Dominican Republic,DO,48734,9956648,4643393,46.6
DZA,AG,DZ,DZA,12,Algeria,DZ,2381741,34586184,4700000,13.6
ECU,EC,EC,ECU,218,Ecuador,EC,272046,15007343,4075500,27.2
EGY,EG,EG,EGY,818,Egypt,EG,1001450,82079636,21691776,26.4
ERI,ER,ER,ERI,232,Eritrea,ER,121100,5939484,283699,4.8
ESH,WI,EH,ESH,732,Sahara Western,EH,266000,491519,"",""
ESP,SP,ES,ESP,724,Spain,ES,504842,46754784,30654678,65.6
EST,EN,EE,EST,233,Estonia,EE,45226,1282963,993785,77.5
ETH,ET,ET,ETH,231,Ethiopia,ET,1127127,90873739,622122,0.7
FIN,FI,FI,FIN,246,Finland,FI,338145,5259250,4661265,88.6
FJI,FJ,FJ,FJI,242,Fiji,FJ,18274,883125,162880,18.4
FLK,FK,FK,FLK,238,Falkland Islands (Malvinas),FK,16076,3140,2900,92.4
FRA,FR,FR,FRA,250,France,FR,547030,65102719,50290226,77.2
French Guiana,FG,GF,French Guiana,254,French Guiana,GF,83534,235690,61480,26.1
FRO,FO,FO,FRO,234,Faroe Islands,FO,1414,49057,37500,76.1
FSM,FM,FM,FSM,583,Micronesia Fed. States of,FM,721,106836,22213,20.8
GAB,GB,GA,GAB,266,Gabon,GA,267667,1576665,108845,6.9
GBR,UK,GB,GBR,826,United Kingdom,UK,244140,62698362,52731209,84.1
GEO,GG,GE,GEO,268,Georgia,GE,69700,4585874,1300000,28.3
GGY,GK,GG,GGY,831,Guernsey and Alderney,GG,91,65068,48300,74.2
GHA,GH,GH,GHA,288,Ghana,GH,238538,24791073,2085501,8.4
GIB,GI,GI,GIB,292,Gibraltar,GI,7,28956,20200,69.8
GIN,GV,GN,GIN,324,Guinea,GN,245857,10601003,95823,0.9
GLP,GP,GP,GLP,312,Guadeloupe,GP,1780,405500,155740,38.4
GMB,GA,GM,GMB,270,Gambia the,GM,10689,1797860,159012,8.8
GNB,PU,GW,GNB,624,Guinea-Bissau,GW,36123,1596677,37123,2.3
GNQ,EK,GQ,GNQ,226,Equatorial Guinea,GQ,28051,668225,42024,6.3
GRC,GR,GR,GRC,300,Greece,GR,131957,10760136,5043550,46.9
GRD,GJ,GD,GRD,308,Grenada,GD,345,108419,34961,32.2
GRL,GL,GL,GRL,304,Greenland,GL,2175600,57670,52000,90.2
GTM,GT,GT,GTM,320,Guatemala,GT,108894,13824463,2280000,16.5
GUF,FG,GF,GUF,254,Guiana French,GF,83534,235690,61480,26.1
GUM,GQ,GU,GUM,316,Guam,GU,545,183286,90000,49.1
GUY,GY,GY,GUY,328,Guyana,GY,215083,744768,225593,30.3
HKG,HK,HK,HKG,344,Hong Kong (China),HK,1085,7122508,4894913,68.7
HMD,HM,HM,HMD,334,Heard & McDonald Is.(AU),HM,"","","",""
HND,HO,HN,HND,340,Honduras,HN,112088,8143564,1067560,13.1
HRV,HR,HR,HRV,191,Croatia,HR,56542,4483804,2656089,59.2
HTI,HA,HT,HTI,332,Haiti,HT,27748,9719932,836435,8.6
HUN,HU,HU,HUN,348,Hungary,HU,92966,97976062,6516627,65.3
IDN,ID,ID,IDN,360,Indonesia,ID,1904443,245613043,55000000,22.4
IMN,IM,IM,IMN,833,Man Isle of,IM,572,84655,35600,42.1
IND,IN,IN,IND,356,India,IN,3166944,1189172906,121000000,10.2
IOT,IO,IO,IOT,86,British Indian Ocean T.,IO,"","","",""
IRL,EI,IE,IRL,372,Ireland,IE,70273,4670976,3122358,66.8
IRN,IR,IR,IRN,364,Iran Islamic Republic of,IR,1648195,77891220,36500000,46.9
IRQ,IZ,IQ,IRQ,368,Iraq,IQ,434128,30399572,1303760,4.3
ISL,IC,IS,ISL,352,Iceland,IS,102928,311058,304129,97.8
ISR,IS,IL,ISR,376,Israel,IL,20991,7473052,5263146,70.4
ITA,IT,IT,ITA,380,Italy,IT,301323,61016804,35800000,58.7
Ivory Coast,IV,CI,Ivory Coast,384,Ivory Coast (Cote d'Ivoire),CI,322461,21504162,968000,4.6
JAM,JM,JM,JAM,388,Jamaica,JM,10991,2868380,1581100,55.1
JEY,JE,JE,JEY,832,Jersey,JE,116,94161,45800,48.6
JOR,JO,JO,JOR,400,Jordan,JO,89342,6508271,1987400,30.5
JPN,JA,JP,JPN,392,Japan,JP,377812,126475664,101228736,80
KAZ,KZ,KZ,KAZ,398,Kazakhstan,KZ,2715900,15522373,5448965,35.1
KEN,KE,KE,KEN,404,Kenya,KE,581787,40070934,10492785,25.5
KGZ,KG,KG,KGZ,417,Kyrgyzstan,KG,199900,5587443,2194400,39.3
KHM,CB,KH,KHM,116,Cambodia,KH,181035,14701717,449160,3.1
KIR,KR,KI,KIR,296,Kiribati,KI,832,100743,8959,8.9
KNA,SC,KN,KNA,659,Saint Kitts and Nevis,KN,267,50314,22340,44.4
KOR,KS,KR,KOR,410,Korea (South) Republic of,KR,99268,48754657,40329660,82.7
KWT,KU,KW,KWT,414,Kuwait,KW,17818,2595628,1100000,42.4
LAO,LA,LA,LAO,418,Lao People's Democ. Rep.,LA,236800,6477211,527400,8.1
LBN,LE,LB,LBN,422,Lebanon,LB,10452,4143101,1367220,33
LBR,LI,LR,LBR,430,Liberia,LR,99065,3786764,20000,0.5
LBY,LY,LY,LBY,434,Libyan Arab Jamahiriya,LY,1777060,6597960,391880,5.9
LCA,ST,LC,LCA,662,Saint Lucia,LC,616,161557,142900,88.5
LIE,LS,LI,LIE,438,Liechtenstein,LI,160,35236,28826,81.8
LKA,CE,LK,LKA,144,Sri Lanka (ex-Ceilan),LK,65610,21283913,2503194,11.8
LSO,LT,LS,LSO,426,Lesotho,LS,30355,1924886,83813,4.4
LTU,LH,LT,LTU,440,Lithuania,LT,65300,3535547,2103471,59.5
LUX,LU,LU,LUX,442,Luxembourg,LU,2586,503302,459833,91.4
LVA,LG,LV,LVA,428,Latvia,LV,64598,2204708,1540859,69.9
MAC,MC,MO,MAC,446,Macao (China),MO,25,573003,308797,53.9
MAF,RN,MF,MAF,663,Saint Martin (FR),MF,37,30615,"",""
MAR,MO,MA,MAR,504,Morocco,MA,6600000,31968361,15656192,49
MCO,MN,MC,MCO,492,Monaco,MC,2,30539,23000,75.3
MDA,MD,MD,MDA,498,Moldova Republic of,MD,33843,4314377,1429154,33.1
MDG,MA,MG,MDG,450,Madagascar,MG,587041,21926221,352135,1.6
MDV,MV,MV,MDV,462,Maldives,MV,298,394999,114100,28.9
MEX,MX,MX,MEX,484,Mexico,MX,1967138,115017631,42000000,36.5
MHL,RM,MH,MHL,584,Marshall Islands,MH,181,67182,6540,9.7
MKD,MK,MK,MKD,807,Macedonia TFYR,MK,25433,2077328,1069432,51.5
MLI,ML,ML,MLI,466,Mali,ML,1240198,14159904,414985,2.9
MLT,MT,MT,MLT,470,Malta,MT,315,408333,262404,64.3
MMR,BM,MM,MMR,104,Myanmar (ex-Burma),MM,676577,53999804,110000,0.2
MNE,MJ,ME,MNE,499,Montenegro,CS,14026,661807,328375,49.6
MNG,MG,MN,MNG,496,Mongolia,MN,1564160,3133318,355524,11.3
MNP,CQ,MP,MNP,580,Northern Mariana Islands,MP,477,46050,15980,34.7
MOZ,MZ,MZ,MOZ,508,Mozambique,MZ,799380,22948858,975395,4.3
MRT,MR,MR,MRT,478,Mauritania,MR,1035000,3281634,100333,3.1
MSR,MH,MS,MSR,500,Montserrat,MS,102,5140,1200,23.3
MTQ,MB,MQ,MTQ,474,Martinique (FR),MQ,1128,397166,170000,42.8
MUS,MP,MU,MUS,480,Mauritius,MU,2040,1303717,323494,24.8
MWI,MI,MW,MWI,454,Malawi,MW,118480,15879252,716400,4.5
MYS,MY,MY,MYS,458,Malaysia,MY,329758,28728607,17723000,61.7
MYT,MF,YT,MYT,175,Mayotte (FR),YT,373,209530,10620,5.1
NAM,WA,NA,NAM,516,Namibia,NA,825112,2147585,148414,6.9
NCL,NC,NC,NCL,540,New Caledonia,NC,18736,256275,87420,34.1
NER,NG,NE,NER,562,Niger,NE,1186408,16468886,128749,0.8
NFK,NF,NF,NFK,574,Norfolk Island,NF,35,2169,700,32.3
NGA,NI,NG,NGA,566,Nigeria,NG,923768,170123740,45039711,26.5
NIC,NU,NI,NIC,558,Nicaragua,NI,129454,5666301,663500,11.7
NIU,NE,NU,NIU,570,Niue,NU,259,1311,1100,83.9
NLD,NL,NL,NLD,528,Netherlands,NL,41526,16847007,15071191,89.5
NOR,NO,NO,NOR,578,Norway,NO,323759,4691849,4560572,97.2
NPL,NP,NP,NPL,524,Nepal,NP,147181,29391883,2031245,6.9
NRU,NR,NR,NRU,520,Nauru,NR,21,9322,340,3.6
NZL,NZ,NZ,NZL,554,New Zealand,NZ,270534,4290347,3325553,84.5
OMN,MU,OM,OMN,512,Oman,OM,309500,3027959,1741804,57.5
PAK,PK,PK,PAK,586,Pakistan,PK,880254,187342721,29128970,15.5
PAN,PM,PA,PAN,591,Panama,PA,77082,3460462,1503441,43.4
PCN,PC,PN,PCN,612,Pitcairn Island,PN,"",48,"",""
PER,PE,PE,PER,604,Peru,PE,1285216,29248943,9973244,34.1
PHL,RP,PH,PHL,608,Philippines,PH,300000,101833938,33600000,33
PLW,PS,PW,PLW,585,Palau,PW,491,20956,5980,28.5
PNG,PP,PG,PNG,598,Papua New Guinea,PG,462840,6187591,125000,2
POL,PL,PL,POL,616,Poland,PL,312685,38441588,23852486,62
PRI,RQ,PR,PRI,630,Puerto Rico,PR,9104,3989133,1698301,42.6
PRK,KN,KP,PRK,408,Korea Dem. People's Rep.,KP,122762,22757275,"",""
PRT,PO,PT,PRT,620,Portugal,PT,92391,10760305,5455217,50.7
PRY,PA,PY,PRY,600,Paraguay,PY,406752,6459058,1523273,25.6
PYF,FP,PF,PYF,258,French Polynesia,PF,3894,294935,132674,45
QAT,QA,QA,QAT,634,Qatar,QA,11521,848016,563800,66.5
REU,RE,RE,REU,638,Reunion (FR),RE,2547,834261,300000,36
ROU,RO,RO,ROU,642,Romania,RO,238391,21904551,8578484,39.2
RUS,RS,RU,RUS,643,Russia (Russian Fed.),RU,16894741,138739892,61472011,44.3
RWA,RW,RW,RWA,646,Rwanda,RW,26338,11370425,818048,7.2
SAU,SA,SA,SAU,682,Arabia Saudi,SA,2149690,26161703,11400000,43.6
Saudi Arabia,SA,SA,Saudi Arabia,682,Saudi Arabia,SA,2149690,26131703,13000000,49.7
SDN,SU,SD,SDN,736,Sudan,SD,2505810,45047502,4200000,9.3
SEN,SG,SN,SEN,686,Senegal,SN,196722,12643799,1989396,15.7
SGP,SN,SG,SGP,702,Singapore,SG,683,4740737,3658400,77.2
SGS,SX,GS,SGS,239,S.George & S.Sandwich,GS,3903,"","",""
SHN,SH,SH,SHN,654,Saint Helena (UK),SH,410,7700,900,11.7
SJM,SV,SJ,SJM,744,Svalbard & Jan Mayen Is.,SJ,61606,2481,"",""
SLB,BP,SB,SLB,90,Solomon Islands,SB,28400,571890,26907,4.7
SLE,SL,SL,SLE,694,Sierra Leone,SL,71740,5363669,48520,0.9
SLV,ES,SV,SLV,222,El Salvador,SV,21041,6071774,1257380,20.7
SMR,SM,SM,SMR,674,San Marino,SM,61,31817,17000,53.4
SOM,SO,SO,SOM,706,Somalia,SO,637657,9925640,106000,1.1
SPM,SB,PM,SPM,666,S Pierre & Miquelon(FR),PM,242,5943,"",""
SRB,RB,RS,SRB,688,Serbia,RS,77474,7310555,4107000,56.2
STP,TP,ST,STP,678,Sao Tome and Principe,ST,1001,179506,31012,17.3
SUR,NS,SR,SUR,740,Suriname,SR,163820,491989,165733,33.7
SVK,LO,SK,SVK,703,Slovakia,SK,49034,5477038,4337868,79.2
SVN,SI,SI,SVN,705,Slovenia,SI,20273,2000092,1420776,71
SWE,SW,SE,SWE,752,Sweden,SE,449965,9088728,8441718,92.9
SWZ,WZ,SZ,SWZ,748,Swaziland,SZ,17363,1370424,95122,6.9
SYC,SE,SC,SYC,690,Seychelles,SC,455,89188,33900,38
SYR,SY,SY,SYR,760,Syrian Arab Republic,SY,185180,22517750,4469000,19.8
TCA,TK,TC,TCA,796,Turks and Caicos Is.,TC,497,44819,14760,32.9
TCD,CD,TD,TCD,148,Chad,TD,1284000,10758945,190863,1.8
TGO,TO,TG,TGO,768,Togo,TG,56785,6771993,356300,5.3
THA,TH,TH,THA,764,Thailand,TH,513115,66720153,18310000,27.4
TJK,TI,TJ,TJK,762,Tajikistan,TJ,143100,7627200,794483,10.4
TKL,TL,TK,TKL,772,Tokelau,TK,10,1384,800,57.8
TKM,TX,TM,TKM,795,Turkmenistan,TM,488100,4997503,110924,2.2
East Timor,TT,TL,East Timor,626,East Timor (Timor-Leste),TP,14604,1177834,2361,0.2
TLS,TT,TL,TLS,626,Timor-Leste (East Timor),TL,14604,1177834,2361,0.2
TON,TN,TO,TON,776,Tonga,TO,651,105916,12487,11.8
TTO,TD,TT,TTO,780,Trinidad & Tobago,TT,5128,1222505,650611,53.2
TUN,TS,TN,TUN,788,Tunisia,TN,163610,10629186,3856984,36.3
TUR,TU,TR,TUR,792,Turkey,TR,773473,78785548,36455000,46.3
TUV,TV,TV,TUV,798,Tuvalu,TV,26,10544,4300,40.8
TWN,TW,TW,TWN,158,Taiwan,TW,36175,23071779,16147000,70
TZA,TZ,TZ,TZA,834,Tanzania United Rep. of,TZ,945088,42746620,4932535,11.5
UGA,UG,UG,UGA,800,Uganda,UG,242554,34612250,4178085,12.1
UKR,UP,UA,UKR,804,Ukraine,UA,603628,45134707,15300000,33.9
URY,UY,UY,URY,858,Uruguay,UY,175016,3308535,1855000,56.1
USA,US,US,USA,840,United States,US,9629047,313232044,245203319,78.3
UZB,UZ,UZ,UZB,860,Uzbekistan,UZ,447400,28128600,7550000,26.8
VAT,VT,VA,VAT,336,Holy See (Vatican),VA,<1,829,480,57.7
VCT,VC,VC,VCT,670,S Vincent & Grenadines,VC,392,103869,76000,73.2
VEN,VE,VE,VEN,862,Venezuela,VE,916445,27635743,10976342,39.7
VGB,VI,VG,VGB,92,British Virgin Islands,VG,151,25383,14620,57.6
VNM,VM,VN,VNM,704,Viet Nam,VN,332378,90549390,30858742,34.1
VUT,NH,VU,VUT,548,Vanuatu,VU,12190,224564,19172,8.5
Western Sahara,WI,EH,Western Sahara,732,Western Sahara,EH,266000,491519,"",""
WLF,WF,WF,WLF,876,Wallis and Futuna,WF,274,15398,1300,8.4
WSM,WS,WS,WSM,882,Samoa,WS,2785,193161,12816,6.6
YEM,YM,YE,YEM,887,Yemen,YE,528076,24133492,2609698,10.8
ZAF,SF,ZA,ZAF,710,South Africa,ZA,1219090,49004031,6800000,13.9
ZMB,ZA,ZM,ZMB,894,Zambia,ZM,752614,13881336,882170,6.4
ZWE,ZI,ZW,ZWE,716,Zimbabwe,ZW,390784,12084304,1445717,12
PSE,"",PS,PSE,275,Palestinian Territory,PS,6242,2568555,1512273,58.9
UMI,"",UM,UMI,581,US Minor Outlying Isl.,UM,"","","",""
Africa,"","",Africa,"",Africa,"",30221532,1037524058,139875242,13.5
Antilles Netherlands,"","",Antilles Netherlands,"",Antilles Netherlands,AN,800,199800,92500,46.3
Asia,"","",Asia,"",Asia,"",39365000,3879740877,1016799076,26.2
Caribbean the,"","",Caribbean the,"",Caribbean the,"","",41427004,11893504,28.7
Central America,"","",Central America,"",Central America,-0,"",155788467,50835461,32.6
Europe,"","",Europe,"",Europe,"",10180000,816426346,500723686,61.3
EUR,"","",EUR,"",European Union,EU,4324782,502748071,359530110,71.5
Guinea Equatorial,"","",Guinea Equatorial,"",Guinea Equatorial,GP,28051,668225,42024,6.3
Kosovo,"","",Kosovo,"",Kosovo,KV,10908,1825632,377000,20.7
Middle East,"","",Middle East,"",Middle East,"",5214000,220285460,78620995,35.7
North America,"","",North America,"",North America,"",24256000,347394870,273067546,78.6
Oceania,"","",Oceania,"",Oceania,"",7620480,35426995,23927457,67.5
South America,"","",South America,"",South America,"",17819000,400067694,173090775,43.3
South Sudan,"","",South Sudan,"",South Sudan,SS,619745,8260490,"",""
Vatican (Holy See),"","",Vatican (Holy See),"",Vatican (Holy See),VA,1,832,480,57.7
Virgin Islands British,"","",Virgin Islands British,"",Virgin Islands British,VG,151,25383,14620,57.6
Virgin Islands U.S.,"","",Virgin Islands U.S.,"",Virgin Islands U.S.,VI,352,109666,30000,27.4
World,"","",World,"",World Total,"",148429000,6967126795,2279709629,32.7