ISO ALPHA-3 Country Code,Country,CNTRY3,Region,CNTRY2,Base : Unwtd,Base : Wtd in thusands,Excellent Job Prospects [4],Good [3],Not so good Job Prospects [2],Bad Job Prospects [1]
AUS,Australia,AUS,APAC,AU,504,19555,0.08,0.34,0.39,0.13
CHN,China,CHN,APAC,CN,3598,512603,0.15,0.57,0.2,0.03
HKG,Hong Kong,HKG,APAC,HK,500,4898,0.05,0.42,0.44,0.04
IDN,Indonesia,IDN,APAC,ID,502,54986,0.11,0.6,0.24,0.02
JPN,Japan,JPN,APAC,JP,501,101229,0.02,0.03,0.54,0.37
KOR,South Korea,KOR,APAC,KO,503,40330,0.01,0.08,0.4,0.48
MYS,Malaysia,MYS,APAC,MY,500,17705,0.13,0.57,0.25,0.02
NZL,New Zealand,NZL,APAC,NZ,500,3626,0.03,0.38,0.46,0.08
PHL,Philippines,PHL,APAC,PH,500,29700,0.12,0.6,0.24,0.01
SGP,Singapore,SGP,APAC,SG,500,3658,0.04,0.46,0.42,0.03
THA,Thailand,THA,APAC,TH,501,18310,0.09,0.51,0.35,0.02
TWN,Taiwan,TWN,APAC,TW,488,16147,0.02,0.28,0.54,0.09
CHE,Switzerland,CHE,EU,CH,505,6152,0.03,0.37,0.44,0.13
DEU,Germany,DEU,EU,DE,501,65125,0.05,0.45,0.34,0.09
ESP,Spain,ESP,EU,ES,502,29094,0.02,0.06,0.3,0.61
FRA,France,FRA,EU,FR,503,45262,0.02,0.06,0.44,0.46
GBR,UK,GBR,EU,GB,503,51442,0.03,0.18,0.42,0.3
GRC,Greece,GRC,EU,GR,511,4971,0,0.05,0.2,0.74
HRV,Croatia,HRV,EU,HR,501,2244,0,0.04,0.38,0.57
IRL,Ireland,IRL,EU,IE,500,3043,0.03,0.11,0.44,0.4
ITA,Italy,ITA,EU,IT,516,30026,0.02,0.07,0.42,0.48
NLD,Netherlands,NLD,EU,NL,500,14872,0.06,0.25,0.32,0.19
NOR,Norway,NOR,EU,NO,500,4431,0.12,0.49,0.29,0.05
PRT,Portugal,PRT,EU,PT,502,5169,0.01,0.03,0.27,0.68
TUR,Turkey,TUR,EU,TR,519,35000,0.04,0.32,0.41,0.2
ARE,UAE,ARE,MEAP,AE,449,3552,0.11,0.48,0.27,0.08
EGY,Egypt,EGY,MEAP,EG,500,21686,0.1,0.44,0.31,0.1
SAU,Saudi Arabia,SAU,MEAP,SA,502,11366,0.21,0.51,0.19,0.05
ZAF,South Africa,ZAF,MEAP,ZA,512,6800,0.02,0.24,0.53,0.18
ARG,Argentina,ARG,LA,AR,515,27568,0.04,0.41,0.39,0.13
BRA,Brazil,BRA,LA,BR,500,75982,0.11,0.61,0.2,0.05
MEX,Mexico,MEX,LA,MX,503,34900,0.01,0.26,0.53,0.2
CAN,Canada,CAN,NA,CA,505,26863,0.05,0.43,0.43,0.05
USA,US,USA,NA,US,503,245000,0.04,0.34,0.41,0.14